{
    "providerId": "10ashara.com",
    "providerName": "10ashara",
    "serviceId": "lms",
    "serviceName": "10ashara LMS",
    "syncPubKeyDomain": "domainconnect.10ashara.com",
    "version": 1,
    "logoUrl": "https://cdn.10ashara.com/home_logolight_filehome-logolight-fileashara-logosvgwebp.webp",
    "description": "Use these DNS records to connect your domain to 10ashara LMS.",
    "hostRequired": false,
    "records": [
        {
            "type": "A",
            "host": "@",
            "pointsTo": "%ip-address%",
            "ttl": 300
        },
        {
            "type": "CNAME",
            "host": "www",
            "pointsTo": "@",
            "ttl": 300
        }
    ]
}