{  
   "providerId":"about.me",
   "providerName":"About Me",
   "serviceId":"website_and_email",
   "serviceName":"Website and Mail",
   "version": 2,
   "logoUrl":"https://domainconnect.org/wp-content/uploads/2017/06/about.me_-300x53.png",
   "description":"Enables mail for about me domain.",
   "variableDescription":"",
   "records":[  
      {  
         "type":"MX",
         "host":"@",
         "pointsTo":"ASPMX.L.GOOGLE.COM",
         "priority":1,
         "ttl":3600
      },
      {  
         "type":"MX",
         "host":"@",
         "pointsTo":"ALT1.ASPMX.L.GOOGLE.COM",
         "priority":5,
         "ttl":3600
      },
      {  
         "type":"TXT",
         "host":"@",
         "data":"v=spf1 include:_spf.google.com ~all",
         "ttl":3600
      },
      {  
         "type":"A",
         "host":"@",
         "pointsTo":"52.2.64.1",
         "ttl":3600
      },
      {  
         "type":"CNAME",
         "host":"www",
         "pointsTo":"@",
         "ttl":3600
      }
   ]
}

