{  
   "providerId":"about.me",
   "providerName":"About Me",
   "serviceId":"website",
   "serviceName":"Hosting",
   "version": 2,
   "logoUrl":"https://domainconnect.org/wp-content/uploads/2017/06/about.me_-300x53.png",
   "description":"Enables web hosting for about me domains.",
   "variableDescription":"",
   "records":[  
      {  
         "type":"A",
         "host":"@",
         "pointsTo":"52.2.64.1",
         "ttl":3600
      },
      {  
         "type":"CNAME",
         "host":"www",
         "pointsTo":"@",
         "ttl":3600
      }
   ]
}
