{
  "providerId": "animacontent",
  "providerName": "AnimaContent",
  "serviceId": "hosting",
  "serviceName": "Website Hosting",
  "version": 1,
  "logoUrl": "https://zumnbsbtxlgknqssjioe.supabase.co/storage/v1/object/public/media/brand/animacontent-logo.png",
  "description": "Connect your domain to AnimaContent multi-tenant platform hosted on Vercel",
  "warnPhishing": true,
  "records": [
    {
      "type": "A",
      "host": "@",
      "pointsTo": "76.76.21.21",
      "ttl": "3600"
    },
    {
      "type": "CNAME",
      "host": "www",
      "pointsTo": "cname.vercel-dns.com",
      "ttl": "3600"
    }
  ]
}
