{
   "providerId":"aweber.com",
   "providerName":"AWeber",
   "serviceId":"web-subdomain",
   "serviceName":"Landing Pages for Subdomains",
   "version": 1,
   "syncRedirectDomain": "aweber.com, optin.com",
   "syncPubKeyDomain": "optin.com",
   "logoUrl":"https://assets.aweber-static.com/page-templates/assets/img/powered_by.png",
   "description":"Connect AWeber landing pages to your subdomain.",
   "hostRequired": true,
   "records":[
       {
         "groupId": "web-subdomain",
         "type": "CNAME",
         "host": "@",
         "pointsTo": "hosted-content.aweber.com.",
         "ttl": 3600
       }
   ]
}