{
  "providerId": "beaglesecurity-staging",
  "providerName": "Beagle Security (Staging)",
  "serviceId": "domainverification",
  "serviceName": "Domain Ownership Verification (Staging)",
  "version": 1,
  "logoUrl": "https://cdn.beaglesecurity.com/assets/brand/svg/beagle-blue.svg",
  "description": "Development and staging environment: Automates adding a TXT record to verify domain ownership.",
  "variableDescription": "%txt%: the domain ownership verification token to be added as a TXT record",
  "syncPubKeyDomain": "_domainconnect.stage.beaglesecure.com",
  "syncRedirectDomain": "stage.beaglesecure.com",
  "syncBlock": false,
  "records": [
    {
      "type": "TXT",
      "host": "@",
      "ttl": 3600,
      "data": "%txt%"
    }
  ]
}
