{
   "providerId":"beswifty.com",
   "providerName":"Beswifty",
   "serviceId":"website",
   "serviceName":"Swifty Site",
   "version": 2,
   "logoUrl":"https://beswifty.com/wp-content/uploads/2019/12/Swifty-Logo_Tagline.svg",
   "description":"Enables a domain to work with Swifty Sites",
   "syncRedirectDomain":"manage.beswifty.com,beswifty.com",
   "syncPubKeyDomain":"beswifty.com",
   "variableDescription": "IP is the IP address of the server",
  
   "records":[
      {
         "type":"CNAME",
         "host":"www",
         "pointsTo":"@",
         "ttl":3600
      },
      {
         "type":"A",
         "host":"@",
         "pointsTo":"%IP%",
         "ttl":3600
      }
   ]
}
