{  
   "providerId":"canva.com",
   "providerName":"Canva",
   "serviceId":"website-v2",
   "serviceName":"Canva Websites",
   "syncPubKeyDomain":"domainconnect.canva.com",
   "version":1,
   "logoUrl":"https://static.canva.com/static/images/canva_logo.svg",
   "description":"Integrates a domain with Canva",
   "variableDescription":"",
   "records":[
      {
         "groupId":"hostingA",
         "type":"A",
         "host":"@",
         "pointsTo":"%ipv4%",
         "ttl":3600
      },
      {
         "groupId":"hostingA",
         "type":"A",
         "host":"www",
         "pointsTo":"%ipv4%",
         "ttl":3600
      },
      {
         "groupId":"hostingAAAA",
         "type":"AAAA",
         "host":"@",
         "pointsTo":"%ipv6%",
         "ttl":3600
      },
      {
         "groupId":"hostingAAAA",
         "type":"AAAA",
         "host":"www",
         "pointsTo":"%ipv6%",
         "ttl":3600
      },
      {
         "groupId":"verificationTxt",
         "type":"TXT",
         "host":"%verify-txt-name%",
         "data":"%verify-txt-value%",
         "ttl":3600
      },
      {
         "groupId":"verificationCname",
         "type":"CNAME",
         "host":"%verify-cname-name%",
         "pointsTo":"%verify-cname-value%",
         "ttl":3600
      },
      {
         "groupId":"dcv",
         "type":"CNAME",
         "host":"%dcv-name%",
         "pointsTo":"%dcv-value%",
         "ttl":3600
      }
   ]
}
