{
	"providerId": "certdashboard.cloud",
	"providerName": "CertDashboard",
	"serviceId": "site-quad-a",
	"serviceName": "CertDashboard Site AAAA records",
	"version": 1,
	"logoUrl": "https://res.cloudinary.com/dy94cdmsp/image/upload/v1754392054/svgviewer-output_yinzzk.svg",
	"description": "Enable domain to work with the CertDashboard by configuring the necessary AAAA records.",
	"variableDescription": "IP6: refers to the IP address provided by the user.",
	"syncBlock": false,
	"syncPubKeyDomain": "certdashboard.cloud",
	"syncRedirectDomain": "certdashboard.cloud",
	"records": [
		{
			"type": "AAAA",
			"host": "@",
			"pointsTo": "%IP6%",
			"ttl": 600
		}
	]
}
