{  
   "providerId":"domainconnect.org",
   "providerName":"Domain Connect",
   "serviceId":"dynamicdns",
   "serviceName":"Dynamic DNS",
   "version": 2,
   "logoUrl":"https://www.domainconnect.org/wp-content/uploads/2018/11/DomainConnectSquareBlack.png",
   "description":"Template for Domain Connect Dynamic DNS Service. See https://github.com/Domain-Connect/DomainConnectDDNS for onboarding instructions.",
   "syncBlock": true,
   "warnPhishing": true,
   "variableDescription":"",
   "records":[  
      {  
         "type":"A",
         "host":"@",
         "pointsTo":"%IP%",
         "ttl":600
      }
   ]
}
