{
  "providerId": "drum.io",
  "providerName": "Drum",
  "serviceId": "verify-ownership",
  "serviceName": "Verify Ownership",
  "version": 1,
  "logoUrl": "https://drum-prod-assets.s3.amazonaws.com/public/images/drummer-logo-new.png",
  "description": "Enables a domain to work with Drum",
  "variableDescription": "VERIFYTXT - unique string generated by Drum per domain for ownership verification",
  "syncRedirectDomain": "drum.io,hjh0y.app.link,hjh0y-alternate.app.link,link.drum.io,ttb89-alternate.app.link,share.drum.io,share.stg.drum.io",
  "syncPubKeyDomain": "drum.io",
  "hostRequired": false,
  "shared": true,
  "sharedProviderName": true,
  "records": [
    {
      "groupId": "verify",
      "type": "TXT",
      "host": "@",
      "data": "%VERIFYTXT%",
      "ttl": 3600
    }
  ]
}
