{
    "providerId": "easydigz.com",
    "providerName": "EasyDigz",
    "serviceId": "custom-domain",
    "serviceName": "Custom Domain Mapping",
    "version": 1,
    "logoUrl": "https://easydigz.com/assets/EasyDigz-HorizontalLogo-Black.svg",
    "description": "Connect your subdomain to the EasyDigz platform for website hosting. Creates a CNAME record for routing and a TXT record for domain verification.",
    "variableDescription": "target: The proxy server to point the CNAME to; verificationToken: Domain ownership verification token",
    "warnPhishing": true,
    "hostRequired": true,
    "records": [
        {
            "type": "CNAME",
            "host": "@",
            "pointsTo": "%target%",
            "ttl": 3600
        },
        {
            "type": "TXT",
            "host": "_cf-custom-hostname",
            "data": "%verificationToken%",
            "ttl": 3600
        }
    ]
}
