{
   "providerId":"ehjzny.com",
   "providerName":"Ehjzny",
   "serviceId":"website-apex-cname",
   "serviceName":"Website",
   "version": 1,
   "logoUrl":"https://ehjzny.com/img/logo/full.png",
   "description":"Allows businesses using Ehjzny to use their domain for customers booking portal",
   "syncPubKeyDomain": "domainconnect.ehjzny.com",
   "syncRedirectDomain": "ehjzny.com",
   "hostRequired": false,
   "records":[
      {
         "type": "APEXCNAME",
         "host": "@",
         "pointsTo":"booking-website.com",
         "ttl":600
      }
   ]
}
