{  
   "providerId":"elementor.com",
   "providerName":"Elementor",
   "serviceId":"arecord",
   "serviceName":"Elementor hosting",
   "version": 1,
   "logoUrl":"https://elementor.com/marketing/wp-content/uploads/2021/10/Elementor-Logo-Full-Red.png",
   "description":"Enables a domain to work with Elementor",
   "syncPubKeyDomain": "domainconnect.elementor.com",
   "variableDescription":"static",
   "records":[  
      {  
         "type":"A",
         "host":"@",
         "pointsTo":"162.159.137.9",
         "ttl":300
      },
      {  
         "type":"A",
         "host":"@",
         "pointsTo":"162.159.138.9",
         "ttl":300
      }
   ]
}
