{
    "providerId": "exampleservice.domainconnect.org",
    "providerName": "Example Domain Connect Service",
    "serviceId": "template2",
    "serviceName": "Stateless Hosting Secondary",
    "version": 4,
    "logoUrl": "https://www.domainconnect.org/wp-content/uploads/2018/11/DomainConnectSquareBlack.png",
    "description": "Example service for stateless hosting, alternative template",
    "variableDescription": "IP is the IP address of the service A record. RANDOMTEXT is the value for a TXT record in DNS. Should be prefixed with shm:",
    "syncPubKeyDomain": "exampleservice.domainconnect.org",
    "syncRedirectDomain": "exampleservice.domainconnect.org",
    "records": [
        {
            "type": "A",
            "host": "@",
            "pointsTo": "%IP%",
            "ttl": "1800"
        },
        {
            "type": "TXT",
            "host": "@",
            "ttl": "1800",
            "data": "%RANDOMTEXT%",
            "txtConflictMatchingMode": "Prefix",
            "txtConflictMatchingPrefix": "shm:"
        },
        {
            "type": "CNAME",
            "host": "whd",
            "pointsTo": "@",
            "ttl": "600"
        }
    ]
}
