{
  "providerId": "furimoe.com",
  "providerName": "Furimoe",
  "serviceId": "domain-verification",
  "serviceName": "Domain Verification",
  "version": 3,
  "description": "Enables a domain to work with Furimoe via IETF BCP Standard",
  "variableDescription": "Unique verification code provided for purpose of verification",
  "syncPubKeyDomain": "keys.furimoe.com",
  "syncRedirectDomain": "furimoe.com",
  "records": [
    {
      "type": "TXT",
      "host": "_furimoe-challenge", 
      "data": "token=%verifytxt%",
      "ttl": 60
    }
  ]
}
