{
   "providerId":"getflywheel.com",
   "providerName":"Flywheel",
   "serviceId":"arecord",
   "serviceName":"Managed WordPress Hosting",
   "version": 4,
   "logoUrl":"https://www.domainconnect.org/wp-content/uploads/2021/06/flywheel-logo.png",
   "description":"Configure ip address for the domain A record.",
   "variableDescription":"ip is the IP address of the server, verification is the domain ownership verification code",
   "syncBlock":false,
   "syncPubKeyDomain":"domainconnect.getflywheel.com",
   "syncRedirectDomain":"getflywheel.com,staging.getflywheel.com,flywheel.localhost",
   "records":[
      {
         "groupId":"arecord",
         "type":"A",
         "host":"@",
         "pointsTo":"%ip%",
         "ttl":3600
      },
      {
         "groupId":"verify",
         "type":"TXT",
         "host":"domain-verification",
         "data":"%verification%",
         "ttl":3600,
         "txtConflictMatchingMode": "All"
      }
   ]
}
