{
   "providerId":"getflywheel.com",
   "providerName":"Flywheel",
   "serviceId":"cname",
   "serviceName":"Managed WordPress Hosting",
   "version": 3,
   "logoUrl":"https://www.domainconnect.org/wp-content/uploads/2021/06/flywheel-logo.png",
   "description":"Configure target domain for CNAME record.",
   "variableDescription":"site is the primary domain for a Flywheel managed site, verification is the domain ownership verification code",
   "syncBlock":false,
   "syncPubKeyDomain":"domainconnect.getflywheel.com",
   "syncRedirectDomain":"getflywheel.com,staging.getflywheel.com,flywheel.localhost",
   "hostRequired": true,
   "records":[
      {
         "groupId":"cname",
         "type":"CNAME",
         "host":"@",
         "pointsTo":"%site%",
         "ttl":3600
      },
      {
         "groupId":"verify",
         "type":"TXT",
         "host":"domain-verification",
         "data":"%verification%",
         "ttl":3600,
         "txtConflictMatchingMode": "All"
      }
   ]
}
