{
  "providerId": "getreadydigital.com",
  "providerName": "GetReadyDigital",
  "serviceId": "site-a-record",
  "serviceName": "GetReadyDigital Site A records",
  "version": 2,
  "syncRedirectDomain": "domainconnect.getreadydigital.com,getreadydigital.com",
  "logoUrl": "https://getreadydigital.com/wp-content/uploads/2023/04/cropped-GR-Logo-Favicon-192x192.png",
  "description": "Enable root domain to work with the GetReadyDigital",
  "variableDescription": "IPs: GetReadyDigital server connection",
  "syncPubKeyDomain": "getreadydigital.com",
  "records": [
    {
      "type": "A",
      "host": "@",
      "pointsTo": "%IP1%",
      "ttl": 600
    }
  ]
}
