{
  "providerId": "getreadydigital.com",
  "providerName": "GetReadyDigital",
  "serviceId": "site-a-txt-ssl-record",
  "serviceName": "GetReadyDigital Site A and TXT ssl records",
  "version": 1,
  "syncRedirectDomain": "domainconnect.getreadydigital.com,getreadydigital.com",
  "logoUrl": "https://getreadydigital.com/wp-content/uploads/2023/04/cropped-GR-Logo-Favicon-192x192.png",
  "description": "Enable root domain to work with the GetReadyDigital by configuring the necessary A and TXT SSL records.",
  "variableDescription": "IP1: GetReadyDigital server connection, txtAcmeValue: Value for _acme-challenge TXT record, txtCfValue: Value for _cf-custom-hostname TXT record",
  "syncPubKeyDomain": "getreadydigital.com",
  "records": [
    {
      "type": "A",
      "host": "@",
      "pointsTo": "%IP1%",
      "ttl": 600
    },
    {
      "type": "TXT",
      "host": "_acme-challenge",
      "data": "%txtAcmeValue%",
      "ttl": 600
    },
    {
      "type": "TXT",
      "host": "_cf-custom-hostname",
      "data": "%txtCfValue%",
      "ttl": 600
    }
  ]
}
