{
  "providerId": "godaddy.com",
  "providerName": "GoDaddy",
  "serviceId": "cpanel_titanemail",
  "serviceName": "cPanel Titan Mail",
  "version": 1,
  "logoUrl": "https://www.domainconnect.org/wp-content/uploads/2020/02/godaddy_logo_new.png",
  "description": "Enables a domain to work with Titan Mail",
  "variableDescription": "",
  "syncPubKeyDomain": "domain-attach.api.godaddy.com",
  "records": [
    {
      "type": "MX",
      "host": "@",
      "pointsTo": "mx1.titan.email",
      "priority": 10,
      "ttl": 3600
    },
    {
      "type": "MX",
      "host": "@",
      "pointsTo": "mx2.titan.email",
      "priority": 20,
      "ttl": 3600
    },
    {
      "type": "SPFM",
      "spfRules": "include:spf.titan.email",
      "host": "@"
    },
    {
      "type": "TXT",
      "host": "_dmarc",
      "data": "v=DMARC1;p=none;sp=none;adkim=r;aspf=r;pct=100",
      "ttl": 3600
    }
  ]
}
