{
  "providerId": "godaddy.com",
  "providerName": "GoDaddy",
  "serviceId": "cpanel_subdomain",
  "serviceName": "cPanel Subdomain",
  "version": 1,
  "logoUrl": "https://www.domainconnect.org/wp-content/uploads/2020/02/godaddy_logo_new.png",
  "description": "Enables a sub-domain to work with GoDaddy cPanel",
  "variableDescription": "v1 is the IP address of the server.",
  "syncPubKeyDomain": "domain-attach.api.godaddy.com",
  "records": [
    {
      "pointsTo": "%v1%",
      "type": "A",
      "host": "@",
      "ttl": 3600
    }
  ]
}
