{
    "providerId": "goentri.com",
    "providerName": "Entri",
    "serviceId": "vendo_subdomains",
    "serviceName": "VendoSubdomains",
    "version": 1,
    "logoUrl": "https://cdn.goentri.com/logo.svg",
    "description": "Allows user to easily set up domain using Entri",
    "syncPubKeyDomain": "goentri.com",
    "syncRedirectDomain": "api.goentri.com, goentri.com, entri.com, app.entri.com, app.goentri.com",
    "variableDescription":"mappingValue is to where CNAME record is pointed",
    "hostRequired": true,
    "sharedProviderName": true,
    "records": [
      {
        "type":"CNAME",
        "host":"@",
        "pointsTo":"%mappingValue%",
        "ttl": 600
      }
    ]
  }