{
  "providerId": "goentri.com",
  "providerName": "Entri",
  "serviceId": "inita",
  "serviceName": "Inita",
  "version": 1,
  "logoUrl": "https://cdn.goentri.com/logo.svg",
  "description": "Allows user to easily set up domain using Entri",
  "syncPubKeyDomain": "goentri.com",
  "syncRedirectDomain": "api.goentri.com, goentri.com, entri.com, app.entri.com,app.goentri.com",
  "variableDescription": "cnameValue is the value assigned to the domain, ipAdress is the primary Ip assigned to the customer",
  "sharedProviderName": true,
  "records": [
    {
      "type": "CNAME",
      "host": "www",
      "pointsTo": "%cnameValue%",
      "ttl": 3600
    },
    {
      "type": "A",
      "host": "@",
      "pointsTo": "%ipAdress%",
      "ttl": 3600
    }
  ]
}