{
    "providerId": "goentri.com",
    "providerName": "Entri",
    "serviceId": "toast_subdomain",
    "serviceName": "ToastSubdomain",
    "version": 1,
    "logoUrl": "https://cdn.goentri.com/logo.svg",
    "description": "Allows user to easily set up domain using Entri",
    "syncPubKeyDomain": "goentri.com",
    "syncRedirectDomain": "api.goentri.com, goentri.com, entri.com, app.entri.com,app.goentri.com",
    "variableDescription": "cnamePointsToSubdomain is to where the subdomain is pointed",
    "hostRequired": true,
    "sharedProviderName": true,
    "records": [
      {
        "type": "CNAME",
        "host": "@",
        "pointsTo": "%cnamePointsToSubdomain%",
        "ttl": 3600
      }
    ]
}

