{
  "providerId": "goentri.com",
  "providerName": "Entri",
  "serviceId": "rebrandly",
  "serviceName": "Rebrandly",
  "version": 1,
  "logoUrl": "https://cdn.goentri.com/logo.svg",
  "description": "Allows user to easily set up domain using Entri",
  "syncPubKeyDomain": "goentri.com",
  "syncRedirectDomain": "api.goentri.com, goentri.com, entri.com, app.entri.com,app.goentri.com",
  "variableDescription": "ip is the rebrandly's ip",
  "sharedProviderName": true,
  "hostRequired": false,
  "records": [
    {
      "type": "A",
      "host": "@",
      "pointsTo": "%ip%",
      "ttl": 3600
    },
    {
      "type": "A",
      "host": "www",
      "pointsTo": "%ip%",
      "ttl": 3600
    }
  ]
}
