{
    "providerId": "goentri.com",
    "providerName": "Entri",
    "serviceId": "clickfunnelsv1",
    "serviceName": "ClickFunnels",
    "version": 1,
    "logoUrl": "https://cdn.goentri.com/logo.svg",
    "description": "Allows user to easily set up domain using Entri",
    "syncPubKeyDomain": "goentri.com",
    "syncRedirectDomain": "api.goentri.com, goentri.com, entri.com, app.entri.com,app.goentri.com",
    "variableDescription": "webSiteHost is the customer website host",
    "sharedProviderName": true,
    "records": [
        {
            "groupId": "a1",
            "type": "CNAME",
            "host": "%webSiteHost%",
            "pointsTo": "target.clickfunnels.com",
            "ttl": 3600
        },
        {
            "groupId": "a2",
            "type": "REDIR301",
            "target": "%target%",
            "host": "@"
        }
    ]
}