{
  "providerId": "goentri.com",
  "providerName": "Entri",
  "serviceId": "postcard",
  "serviceName": "Postcard",
  "version": 2,
  "logoUrl": "https://cdn.goentri.com/logo.svg",
  "description": "Allows user to easily set up domain using Entri",
  "syncPubKeyDomain": "goentri.com",
  "syncRedirectDomain": "api.goentri.com, goentri.com, entri.com, app.entri.com,app.goentri.com",
  "variableDescription": "ip is the address of the server hosting the domain. webSiteHost is the host for the page, webSitePointsTo is the final application url",
  "sharedProviderName": true,
  "records": [
    {
      "type": "A",
      "host": "@",
      "pointsTo": "%ip%",
      "ttl": 3600
    },
    {
      "type": "CNAME",
      "host": "%webSiteHost%",
      "pointsTo": "%webSitePointsTo%",
      "ttl": 3600
    }
  ]
}
