{
  "providerId": "goentri.com",
  "providerName": "Entri",
  "serviceId": "hotmart",
  "serviceName": "Hotmart",
  "version": 1,
  "logoUrl": "https://cdn.goentri.com/logo.svg",
  "description": "Allows user to easily set up dkim record using Entri",
  "syncPubKeyDomain": "goentri.com",
  "syncRedirectDomain": "api.goentri.com, goentri.com, entri.com, app.entri.com,app.goentri.com",
  "variableDescription": "primaryIp is the IP, cnamehost is the host for the CNAME and cnamePointsTo is the URL to where the subdomain is pointed ",
  "sharedProviderName": true,
  "hostRequired": false,
  "records": [
    {
      "type": "A",
      "host": "@",
      "pointsTo": "%primaryIp%",
      "ttl": 3600
    },
    {
      "type": "CNAME",
      "host": "www",
      "pointsTo": "%cnamePointsTo%",
      "ttl": 3600
    }
  ]
}