{
    "providerId": "goentri.com",
    "providerName": "Entri",
    "serviceId": "pitchlane_subdomains",
    "serviceName": "PitchlaneSubdomains",
    "version": 2,
    "logoUrl": "https://cdn.goentri.com/logo.svg",
    "description": "Allows user to easily set up domain using Entri",
    "syncPubKeyDomain": "goentri.com",
    "syncRedirectDomain": "api.goentri.com, goentri.com, entri.com, app.entri.com, app.goentri.com",
    "variableDescription":"cnamePointsto is to where the subdodoain is pointed, verificationValue is the TXT key and txtHost is the TXT host",
    "hostRequired": true,
    "sharedProviderName": true,
    "records": [
      {
        "type":"CNAME",
        "host":"@",
        "groupId": "a1",
        "pointsTo":"%cnamePointsto%",
        "ttl": 600
      },
      {
        "type": "TXT",
        "host": "%txtHost%",
        "groupId": "a2",
        "data": "%verificationValue%",
        "ttl": 3600
      }
    ]
  }