{
    "providerId": "goentri.com",
    "providerName": "Entri",
    "serviceId": "nicesite",
    "serviceName": "Nicesite",
    "version": 1,
    "logoUrl": "https://cdn.goentri.com/logo.svg",
    "description": "Allows user to easily set up domain using Entri",
    "syncPubKeyDomain": "goentri.com",
    "syncRedirectDomain": "api.goentri.com, goentri.com, entri.com, app.entri.com,app.goentri.com",
    "sharedProviderName": true,
    "records": [
      {
        "type":"A",
        "host":"@",
        "pointsTo":"75.2.60.5",
        "ttl": 300
      },
      {
        "type":"CNAME",
        "host":"www",
        "pointsTo": "@",
        "ttl": 300
      }
    ]
  }