{
  "providerId": "goentri.com",
  "providerName": "Entri",
  "serviceId": "clickfunnels",
  "serviceName": "ClickFunnels",
  "version": 4,
  "logoUrl": "https://cdn.goentri.com/logo.svg",
  "description": "Allows user to easily set up domain using Entri",
  "syncPubKeyDomain": "goentri.com",
  "syncRedirectDomain": "api.goentri.com, goentri.com, entri.com, app.entri.com,app.goentri.com",
  "variableDescription": "verificationValue is the value that is used to verify domain ownership,clusterValue is the cluster assigned to the domain,websiteId is the id of website, keyValue is the generated key value, websiteHost is the host value, dmarcHost and dmarcHost are the dmarc policies and values",
  "sharedProviderName": true,
  "records": [
    {
      "groupId": "a1",
      "type": "CNAME",
      "host": "%websiteHost%",
      "pointsTo": "%clusterValue%",
      "ttl": 3600
    },
    {
      "groupId": "a1",
      "type": "REDIR301",
      "target": "%target%",
      "host": "@"
    },
    {
      "groupId": "a1",
      "type": "TXT",
      "host": "@",
      "data": "clickfunnels-domain-verification=%verificationValue%",
      "ttl": 3600
    },
    {
      "groupId": "a2",
      "type": "TXT",
      "host": "%websiteId%",
      "data": "%keyValue%",
      "ttl": 3600
    },
    {
      "groupId": "a3",
      "type": "CNAME",
      "host": "%websiteHost%",
      "pointsTo": "%clusterValue%",
      "ttl": 3600
    },
    {
      "groupId": "a3",
      "type": "REDIR301",
      "target": "%target%",
      "host": "@"
    },
    {
      "groupId": "a3",
      "type": "TXT",
      "host": "@",
      "data": "clickfunnels-domain-verification=%verificationValue%",
      "ttl": 3600
    },
    {
      "groupId": "a3",
      "type": "TXT",
      "host": "%websiteId%",
      "data": "%keyValue%",
      "ttl": 3600
    },
     {
      "type": "SPFM",
      "host": "@",
      "spfRules": "include:mailer.myclickfunnels.com",
      "groupId": "a4"
    },
    {
      "groupId": "a4",
      "type": "TXT",
      "host": "%dmarcHost%",
      "data": "%dmarcValue2%",
      "ttl": 3600
    }
  ]
}
