{
  "providerId": "goentri.com",
  "providerName": "Entri",
  "serviceId": "toast",
  "serviceName": "Toast",
  "version": 3,
  "logoUrl": "https://cdn.goentri.com/logo.svg",
  "description": "Allows user to easily set up domain using Entri",
  "syncPubKeyDomain": "goentri.com",
  "syncRedirectDomain": "api.goentri.com, goentri.com, entri.com, app.entri.com,app.goentri.com",
  "variableDescription": "ipaddress is the IP, cnamePointsTo is to where the domain is pointed, txt is the text domain verification, txtHost is the host for the TXT, onlineOrdeingSubdomain is the subdomain of the website hosting, subdomain is the subdomain user is creating, cnamePointsToSubdomain is to where the subdomain is pointed",
  "hostRequired": false,
  "sharedProviderName": true,
  "records": [
    {
      "type": "A",
      "host": "@",
      "groupId": "a1",
      "pointsTo": "%ipaddress%",
      "ttl": 3600
    },
    {
      "type": "CNAME",
      "host": "www",
      "groupId": "a1",
      "pointsTo": "%cnamePointsTo%",
      "ttl": 3600
    },
    {
      "type": "CNAME",
      "host": "%subdomain2%",
      "groupId": "a2",
      "pointsTo": "%cnamePointsToSubdomain2%",
      "ttl": 3600
    },
    {
      "type": "CNAME",
      "host": "%subdomain3%",
      "groupId": "a3",
      "pointsTo": "%cnamePointsToSubdomain3%",
      "ttl": 3600
    },
    {
      "type": "CNAME",
      "host": "%subdomain31%",
      "groupId": "a3",
      "pointsTo": "%cnamePointsToSubdomain31%",
      "ttl": 3600
    },
    {
      "type": "CNAME",
      "host": "%subdomain4%",
      "groupId": "a4",
      "pointsTo": "%cnamePointsToSubdomain4%",
      "ttl": 3600
    },
    {
      "type": "CNAME",
      "host": "%subdomain41%",
      "groupId": "a4",
      "pointsTo": "%cnamePointsToSubdomain41%",
      "ttl": 3600
    },
    {
      "type": "CNAME",
      "host": "%subdomain42%",
      "groupId": "a4",
      "pointsTo": "%cnamePointsToSubdomain42%",
      "ttl": 3600
    },
    {
      "type": "CNAME",
      "host": "%subdomain5%",
      "groupId": "a5",
      "pointsTo": "%cnamePointsToSubdomain5%",
      "ttl": 3600
    },
    {
      "type": "CNAME",
      "host": "%subdomain51%",
      "groupId": "a5",
      "pointsTo": "%cnamePointsToSubdomain51%",
      "ttl": 3600
    },
    {
      "type": "CNAME",
      "host": "%subdomain52%",
      "groupId": "a5",
      "pointsTo": "%cnamePointsToSubdomain52%",
      "ttl": 3600
    },
    {
      "type": "CNAME",
      "host": "%subdomain53%",
      "groupId": "a5",
      "pointsTo": "%cnamePointsToSubdomain53%",
      "ttl": 3600
    },
    {
      "type": "CNAME",
      "host": "%subdomain6%",
      "groupId": "a6",
      "pointsTo": "%cnamePointsToSubdomain6%",
      "ttl": 3600
    },
    {
      "type": "CNAME",
      "host": "%subdomain61%",
      "groupId": "a6",
      "pointsTo": "%cnamePointsToSubdomain61%",
      "ttl": 3600
    },
    {
      "type": "CNAME",
      "host": "%subdomain62%",
      "groupId": "a6",
      "pointsTo": "%cnamePointsToSubdomain62%",
      "ttl": 3600
    },
    {
      "type": "CNAME",
      "host": "%subdomain63%",
      "groupId": "a6",
      "pointsTo": "%cnamePointsToSubdomain63%",
      "ttl": 3600
    },
    {
      "type": "CNAME",
      "host": "%subdomain64%",
      "groupId": "a6",
      "pointsTo": "%cnamePointsToSubdomain64%",
      "ttl": 3600
    },
    {
      "type": "CNAME",
      "host": "%subdomain7%",
      "groupId": "a7",
      "pointsTo": "%cnamePointsToSubdomain7%",
      "ttl": 3600
    },
    {
      "type": "CNAME",
      "host": "%subdomain71%",
      "groupId": "a7",
      "pointsTo": "%cnamePointsToSubdomain71%",
      "ttl": 3600
    },
    {
      "type": "CNAME",
      "host": "%subdomain72%",
      "groupId": "a7",
      "pointsTo": "%cnamePointsToSubdomain72%",
      "ttl": 3600
    },
    {
      "type": "CNAME",
      "host": "%subdomain73%",
      "groupId": "a7",
      "pointsTo": "%cnamePointsToSubdomain73%",
      "ttl": 3600
    },
    {
      "type": "CNAME",
      "host": "%subdomain74%",
      "groupId": "a7",
      "pointsTo": "%cnamePointsToSubdomain74%",
      "ttl": 3600
    },
    {
      "type": "CNAME",
      "host": "%subdomain75%",
      "groupId": "a7",
      "pointsTo": "%cnamePointsToSubdomain75%",
      "ttl": 3600
    },
    {
      "type": "CNAME",
      "host": "%subdomain8%",
      "groupId": "a8",
      "pointsTo": "%cnamePointsToSubdomain8%",
      "ttl": 3600
    },
    {
      "type": "CNAME",
      "host": "%subdomain81%",
      "groupId": "a8",
      "pointsTo": "%cnamePointsToSubdomain81%",
      "ttl": 3600
    },
    {
      "type": "CNAME",
      "host": "%subdomain82%",
      "groupId": "a8",
      "pointsTo": "%cnamePointsToSubdomain82%",
      "ttl": 3600
    },
    {
      "type": "CNAME",
      "host": "%subdomain83%",
      "groupId": "a8",
      "pointsTo": "%cnamePointsToSubdomain83%",
      "ttl": 3600
    },
    {
      "type": "CNAME",
      "host": "%subdomain84%",
      "groupId": "a8",
      "pointsTo": "%cnamePointsToSubdomain84%",
      "ttl": 3600
    },
    {
      "type": "CNAME",
      "host": "%subdomain85%",
      "groupId": "a8",
      "pointsTo": "%cnamePointsToSubdomain85%",
      "ttl": 3600
    },
    {
      "type": "CNAME",
      "host": "%subdomain86%",
      "groupId": "a8",
      "pointsTo": "%cnamePointsToSubdomain86%",
      "ttl": 3600
    },
    {
      "type": "CNAME",
      "host": "%subdomain9%",
      "groupId": "a9",
      "pointsTo": "%cnamePointsToSubdomain9%",
      "ttl": 3600
    },
    {
      "type": "CNAME",
      "host": "%subdomain91%",
      "groupId": "a9",
      "pointsTo": "%cnamePointsToSubdomain91%",
      "ttl": 3600
    },
    {
      "type": "CNAME",
      "host": "%subdomain92%",
      "groupId": "a9",
      "pointsTo": "%cnamePointsToSubdomain92%",
      "ttl": 3600
    },
    {
      "type": "CNAME",
      "host": "%subdomain93%",
      "groupId": "a9",
      "pointsTo": "%cnamePointsToSubdomain93%",
      "ttl": 3600
    },
    {
      "type": "CNAME",
      "host": "%subdomain94%",
      "groupId": "a9",
      "pointsTo": "%cnamePointsToSubdomain94%",
      "ttl": 3600
    },
    {
      "type": "CNAME",
      "host": "%subdomain95%",
      "groupId": "a9",
      "pointsTo": "%cnamePointsToSubdomain95%",
      "ttl": 3600
    },
    {
      "type": "CNAME",
      "host": "%subdomain96%",
      "groupId": "a9",
      "pointsTo": "%cnamePointsToSubdomain96%",
      "ttl": 3600
    },
    {
      "type": "CNAME",
      "host": "%subdomain97%",
      "groupId": "a9",
      "pointsTo": "%cnamePointsToSubdomain97%",
      "ttl": 3600
    },
    {
      "type": "CNAME",
      "host": "%subdomain10%",
      "groupId": "a10",
      "pointsTo": "%cnamePointsToSubdomain10%",
      "ttl": 3600
    },
    {
      "type": "CNAME",
      "host": "%subdomain101%",
      "groupId": "a10",
      "pointsTo": "%cnamePointsToSubdomain101%",
      "ttl": 3600
    },
    {
      "type": "CNAME",
      "host": "%subdomain102%",
      "groupId": "a10",
      "pointsTo": "%cnamePointsToSubdomain102%",
      "ttl": 3600
    },
    {
      "type": "CNAME",
      "host": "%subdomain103%",
      "groupId": "a10",
      "pointsTo": "%cnamePointsToSubdomain103%",
      "ttl": 3600
    },
    {
      "type": "CNAME",
      "host": "%subdomain104%",
      "groupId": "a10",
      "pointsTo": "%cnamePointsToSubdomain104%",
      "ttl": 3600
    },
    {
      "type": "CNAME",
      "host": "%subdomain105%",
      "groupId": "a10",
      "pointsTo": "%cnamePointsToSubdomain105%",
      "ttl": 3600
    },
    {
      "type": "CNAME",
      "host": "%subdomain106%",
      "groupId": "a10",
      "pointsTo": "%cnamePointsToSubdomain106%",
      "ttl": 3600
    },
    {
      "type": "CNAME",
      "host": "%subdomain107%",
      "groupId": "a10",
      "pointsTo": "%cnamePointsToSubdomain107%",
      "ttl": 3600
    },
    {
      "type": "CNAME",
      "host": "%subdomain108%",
      "groupId": "a10",
      "pointsTo": "%cnamePointsToSubdomain108%",
      "ttl": 3600
    },
    {
      "type": "CNAME",
      "host": "%subdomain11%",
      "groupId": "a11",
      "pointsTo": "%cnamePointsToSubdomain11%",
      "ttl": 3600
    },
    {
      "type": "CNAME",
      "host": "%subdomain111%",
      "groupId": "a11",
      "pointsTo": "%cnamePointsToSubdomain111%",
      "ttl": 3600
    },
    {
      "type": "CNAME",
      "host": "%subdomain112%",
      "groupId": "a11",
      "pointsTo": "%cnamePointsToSubdomain112%",
      "ttl": 3600
    },
    {
      "type": "CNAME",
      "host": "%subdomain113%",
      "groupId": "a11",
      "pointsTo": "%cnamePointsToSubdomain113%",
      "ttl": 3600
    },
    {
      "type": "CNAME",
      "host": "%subdomain114%",
      "groupId": "a11",
      "pointsTo": "%cnamePointsToSubdomain114%",
      "ttl": 3600
    },
    {
      "type": "CNAME",
      "host": "%subdomain115%",
      "groupId": "a11",
      "pointsTo": "%cnamePointsToSubdomain115%",
      "ttl": 3600
    },
    {
      "type": "CNAME",
      "host": "%subdomain116%",
      "groupId": "a11",
      "pointsTo": "%cnamePointsToSubdomain116%",
      "ttl": 3600
    },
    {
      "type": "CNAME",
      "host": "%subdomain117%",
      "groupId": "a11",
      "pointsTo": "%cnamePointsToSubdomain117%",
      "ttl": 3600
    },
    {
      "type": "CNAME",
      "host": "%subdomain118%",
      "groupId": "a11",
      "pointsTo": "%cnamePointsToSubdomain118%",
      "ttl": 3600
    },
    {
      "type": "CNAME",
      "host": "%subdomain119%",
      "groupId": "a11",
      "pointsTo": "%cnamePointsToSubdomain119%",
      "ttl": 3600
    },
    {
      "type": "TXT",
      "host": "%txtHost00%",
      "groupId": "a12",
      "data": "%txt00%",
      "ttl": 3600
    },
    {
        "pointsTo": "%ipaddress00%",
        "host": "@",
        "ttl": 3600,
        "type": "A",
        "groupId": "a13"
    }
  ]
}