{
    "providerId": "goentri.com",
    "providerName": "Entri",
    "serviceId": "demo",
    "serviceName": "Demo",
    "version": 1,
    "logoUrl": "https://cdn.goentri.com/logo.svg",
    "description": "Allows user to easily set up domain using Entri",
    "syncPubKeyDomain": "goentri.com",
    "syncRedirectDomain": "api.goentri.com, goentri.com, entri.com, app.entri.com,app.goentri.com",
    "sharedProviderName": true,
    "records": [
      {
        "type": "TXT",
        "host": "entri",
        "data": "entri-sample-txt-record",
        "ttl": 3600
      }
    ]
}