{
  "providerId": "goentri.com",
  "providerName": "Entri",
  "serviceId": "the-com",
  "serviceName": "The.com",
  "version": 1,
  "logoUrl": "https://cdn.goentri.com/logo.svg",
  "description": "Allows user to easily set up domain using Entri",
  "syncPubKeyDomain": "goentri.com",
  "syncRedirectDomain": "api.goentri.com, goentri.com, entri.com, app.entri.com,app.goentri.com",
  "variableDescription": "webSiteHost is the customer website host, webSitePointsTo is the customer hosted domain name, sslNameVerification and sslValueVerification are to validate the certificate.",
  "sharedProviderName": true,
  "records": [
    {
      "type": "CNAME",
      "host": "%webSiteHost%",
      "pointsTo": "%webSitePointsTo%",
      "ttl": 3600
    },
    {
      "type": "CNAME",
      "host": "%sslNameVerification%.%webSiteHost%",
      "pointsTo": "%sslValueVerification%",
      "ttl": 3600
    },
    {
      "type": "REDIR301",
      "target": "%target%",
      "host": "@"
    }
  ]
}