{
  "providerId": "goentri.com",
  "providerName": "Entri",
  "serviceId": "stunning",
  "serviceName": "Stunning",
  "version": 2,
  "logoUrl": "https://cdn.goentri.com/logo.svg",
  "description": "Allows user to easily set up dkim record using Entri",
  "syncPubKeyDomain": "goentri.com",
  "syncRedirectDomain": "api.goentri.com, goentri.com, entri.com, app.entri.com,app.goentri.com",
   "variableDescription": "cnamePointsTo is the URL to where the subdomain is pointed and cnameHost is the host, primaryIp is the ip ",
  "sharedProviderName": true,
  "hostRequired": false,
  "records": [
    {
      "type": "CNAME",
      "host": "%cnameHost%",
      "groupId": "a1",
      "pointsTo": "%cnamePointsTo%",
      "ttl": 3600
    },
    {
      "type": "A",
      "host": "@",
      "groupId": "a2",
      "pointsTo": "%primaryIp%",
      "ttl": 3600
    },
    {
      "type": "A",
      "host": "@",
      "groupId": "a2",
      "pointsTo": "%primaryIp2%",
      "ttl": 3600
    }
  ]
}