{
  "providerId": "goentri.com",
  "providerName": "Entri",
  "serviceId": "letsmobility",
  "serviceName": "Letsmobility",
  "version": 1,
  "logoUrl": "https://cdn.goentri.com/logo.svg",
  "description": "Allows user to easily set up dkim record using Entri",
  "syncPubKeyDomain": "goentri.com",
  "syncRedirectDomain": "api.goentri.com, goentri.com, entri.com, app.entri.com,app.goentri.com",
   "variableDescription": "primaryIp is the IP",
  "sharedProviderName": true,
  "hostRequired": true,
  "records": [
    {
      "type": "A",
      "host": "@",
      "pointsTo": "%primaryIp%",
      "ttl": 3600
    }
  ]
}