{
  "providerId": "gophantom.io",
  "providerName": "Phantom",
  "serviceId": "site-a-cname-record",
  "serviceName": "Phantom Site A and CNAME records",
  "version": 1,
  "syncRedirectDomain": "domainconnect.gophantom.io,gophantom.io",
  "logoUrl": "https://storage.googleapis.com/msgsndr/lki4VEKAMpGqEj4vMQnl/media/67bcb0180202315b9df96e22.png",
  "description": "Enable domain to work with the Phantom by configuring the necessary A and CNAME records.",
  "variableDescription": "IP1: Phantom connection,cnameValue: Custom CNAME value”",
  "syncPubKeyDomain": "gophantom.io",
  "records": [
    {
      "type": "A",
      "host": "@",
      "pointsTo": "%IP1%",
      "ttl": 600
    },
    {
      "type": "CNAME",
      "host": "www",
      "pointsTo": "%cnameValue%",
      "ttl": 3600
    }
  ]
}
