{  
   "providerId":"gvng.com",
   "providerName":"GVNG",
   "serviceId": "hosting_development",
   "serviceName":"Hosting",
   "version": 1,
   "logoUrl":"https://domainconnect.org/wp-content/uploads/2017/09/gvng-300x115.png",
   "description":"Enables web hosting for GVNG sites",
   "variableDescription":"",
   "records":[  
      {  
         "type":"A",
         "host":"@",
         "pointsTo": "34.193.11.95",
         "ttl":1800
      },
      {  
         "type":"CNAME",
         "host":"www",
         "pointsTo":"@",
         "ttl":1800
      }
   ]
}
