{  
   "providerId":"gvng.com",
   "providerName":"GVNG",
   "serviceId": "hosting_production",
   "serviceName":"Hosting",
   "version": 1,
   "logoUrl":"https://domainconnect.org/wp-content/uploads/2017/09/gvng-300x115.png",
   "description":"Enables web hosting for GVNG sites",
   "variableDescription":"",
   "records":[  
      {  
         "type":"A",
         "host":"@",
         "pointsTo": "34.234.12.185",
         "ttl":600
      },
      {  
         "type":"A",
         "host":"@",
         "pointsTo": "35.153.125.158",
         "ttl":600
	  },
      {  
         "type":"CNAME",
         "host":"www",
         "pointsTo":"@",
         "ttl":600
      }
   ]
}
