{
  "providerId": "hubspot.com",
  "providerName": "HubSpot",
  "serviceId": "hubspot-cname-txt",
  "serviceName": "HubSpot Site",
  "syncPubKeyDomain": "domainconnect.hubspot.com",
  "syncRedirectDomain": "app.hubspot.com, app.hubspotqa.com, api.hubspot.com, api.hubspotqa.com",
  "version": 2,
  "logoUrl": "https://domainconnect.org/wp-content/uploads/2017/02/HubSpot-768x223.png",
  "description": "Template for for domain verification workflow",
  "variableDescription": "txtValue - txt data value, sslTxtValue - ssl txt validation value",
  "hostRequired": false,
  "records": [
    {
      "groupId": "txt",
      "type": "TXT",
      "host": "_cf-custom-hostname",
      "data": "%txtValue%",
      "ttl": 3600
    },
    {
      "groupId": "ssl-txt",
      "type": "TXT",
      "host": "_acme-challenge",
      "data": "%sslTxtValue%",
      "ttl": 3600
    }
  ]
}
