{
  "providerId": "hubspot.com",
  "providerName": "HubSpot",
  "serviceId": "hubspot-cname",
  "serviceName": "HubSpot Site",
  "syncPubKeyDomain": "domainconnect.hubspot.com",
  "syncRedirectDomain": "app.hubspot.com, app.hubspotqa.com, api.hubspot.com, api.hubspotqa.com",
  "version": 2,
  "logoUrl": "https://domainconnect.org/wp-content/uploads/2017/02/HubSpot-768x223.png",
  "description": "Enables a sub-domain to work with HubSpot",
  "variableDescription": "cnameValue - cname record pointsTo value",
  "hostRequired": true,
  "records": [
    {
      "groupId": "cname",
      "type": "CNAME",
      "host": "@",
      "pointsTo": "%cnameValue%",
      "ttl": 3600
    }
  ]
}
