{
  "providerId": "hubspot.com",
  "providerName": "HubSpot",
  "serviceId": "hubspot-txt",
  "serviceName": "HubSpot Site",
  "syncPubKeyDomain": "domainconnect.hubspot.com",
  "syncRedirectDomain": "app.hubspot.com, app.hubspotqa.com, api.hubspot.com, api.hubspotqa.com",
  "version": 2,
  "logoUrl": "https://domainconnect.org/wp-content/uploads/2017/02/HubSpot-768x223.png",
  "description": "Enables a domain to work with HubSpot",
  "variableDescription": "txtValue - txt record data value",
  "hostRequired": false,
  "records": [
    {
      "groupId": "txt",
      "type": "TXT",
      "host": "@",
      "data": "%txtValue%",
      "ttl": 3600
    }
  ]
}
