{
  "providerId": "imh.care",
  "providerName": "IMH Care",
  "serviceId": "whitelabel-custom-mail",
  "serviceName": "White Label - Custom Mail",
  "version": 1,
  "logoUrl": "https://imh.care/assets/imh.svg",
  "description": "Configures your domain to work with IMH Care's white label service with custom mail address.",
  "variableDescription": "This configuration sets whitelabel for custom domain and email address.",
  "syncPubKeyDomain": "imh.care",
  "records": [
    {
      "type": "CNAME",
      "host": "%host1%",
      "pointsTo": "%record1%",
      "ttl": 600
    },
    {
      "type": "CNAME",
      "host": "%host2%",
      "pointsTo": "%record2%",
      "ttl": 600
    },
    {
      "type": "CNAME",
      "host": "%sendgridhost1%",
      "pointsTo": "%sendgridrecord1%",
      "ttl": 600
    },
    {
      "type": "CNAME",
      "host": "%sendgridhost2%",
      "pointsTo": "%sendgridrecord2%",
      "ttl": 600
    },
    {
      "type": "CNAME",
      "host": "%sendgridhost3%",
      "pointsTo": "%sendgridrecord3%",
      "ttl": 600
    }
  ]
}
