 {
   "providerId": "imh.care",
   "providerName": "IMH Care",
   "serviceId": "whitelabel",
   "serviceName": "White Label",
   "version": 1,
   "logoUrl": "https://imh.care/assets/imh.svg",
   "description": "Configures your domain to work with IMH Care's white label service.",
   "variableDescription": "whitelabel service requires a CNAME record to be set up for your domain.",
   "syncPubKeyDomain": "imh.care",
   "records": [
     {
       "type": "CNAME",
       "host": "%host1%",
       "pointsTo": "%record1%",
       "ttl": 300
     },
     {
      "type": "CNAME",
      "host": "%host2%",
      "pointsTo": "%record2%",
      "ttl": 300
    },
    {
      "type": "CNAME",
      "host": "%sendgridhost1%",
      "pointsTo": "%sendgridrecord1%",
      "ttl": 300
    },
    {
      "type": "CNAME",
      "host": "%sendgridhost2%",
      "pointsTo": "%sendgridrecord2%",
      "ttl": 300
    },
    {
      "type": "CNAME",
      "host": "%sendgridhost3%",
      "pointsTo": "%sendgridrecord3%",
      "ttl": 300
    },
     {
       "type": "A",
       "host": "%host3%",
       "pointsTo": "%record3%",
       "ttl": 300
     },
     {
       "type": "A",
       "host": "%host4%",
       "pointsTo": "%record4%",
       "ttl": 300
     }
   ]
 }
