{
  "providerId": "informaten.com",
  "providerName": "Informaten",
  "serviceId": "hosting_web",
  "serviceName": "Webhosting on Informaten.com",
  "version": 3,
  "syncPubKeyDomain": "informaten.com",
  "logoUrl": "https://informaten.com/logo_dark.png",
  "description": "Enables a domain to work with Informaten webhosting",
  "variableDescription": "ip is the IPv4 address of the webserver and ip6 is the IPv6 address of the webserver",
  "records": [
    {
      "type": "A",
      "host": "@",
      "pointsTo": "%ip%",
      "essential": "Always",
      "ttl": 3600
    }, {
      "type": "AAAA",
      "host": "@",
      "pointsTo": "%ip6%",
      "essential": "Always",
      "ttl": 3600
    }, {
      "type": "CNAME",
      "host": "www",
      "pointsTo": "%fqdn%",
      "essential": "Always",
      "ttl": 3600
    }
  ]
}
