{
  "providerId": "justhost.com",
  "providerName": "Just Host",
  "serviceId": "email",
  "serviceName": "Mail",
  "version": 1,
  "syncPubKeyDomain": "domainconnect.bluehost.com",
  "syncRedirectDomain": "my.justhost.com",
  "logoUrl": "https://justhost-cdn.com/media/app/justhost/live/static/media/src/common/assets/images/brand/jh/logo.svg",
  "description": "Enables a domain to work with Just Host email",
  "variableDescription": "ip is the IP address of the server, and box is the hostname of the server.",
  "records": [
    {
      "pointsTo": "%ip%",
      "type": "A",
      "host": "mail",
      "essential": "OnApply",
      "ttl": 14400
    },
    {
      "pointsTo": "@",
      "type": "CNAME",
      "host": "webmail",
      "essential": "OnApply",
      "ttl": 14400
    },
    {
      "pointsTo": "mail.%domain%",
      "type": "CNAME",
      "host": "imap",
      "essential": "OnApply",
      "ttl": 14400
    },
    {
      "pointsTo": "mail.%domain%",
      "type": "MX",
      "host": "@",
      "essential": "OnApply",
      "ttl": 14400,
      "priority": 0
    },
    {
      "spfRules": "a mx include:websitewelcome.com",
      "type": "SPFM",
      "host": "@",
      "essential": "OnApply"
    },
    {
      "target": "emaildiscovery.cpanel.net",
      "type": "SRV",
      "service": "_autodiscover",
      "protocol": "_tcp",
      "name": "",
      "essential": "OnApply",
      "ttl": 14400,
      "priority": 0,
      "weight": 0,
      "port": 443
    }
  ]
}

