{  
   "providerId":"kitkaton.com",
   "providerName":"Kitkaton",
   "serviceId":"storefront",
   "serviceName":"Kitkaton Storefront",
   "version": 1,
   "logoUrl":"https://i.ibb.co/ngJWr5Y/kitkaton.png",
   "description":"Enables a custom store domain to work with Kitkaton Storefront",
   "hostRequired": true,
   "syncRedirectDomain": "kitkaton.com,kitkaton-admin.com,kitkaton.dev",
   "syncPubKeyDomain": "kitkaton.com",
   "variableDescription":"vfyhost is the verification hostname, vfyv is the amplify verification value to point to and hostnamev is the amplify value to point to",
   "records":[
      {
         "type":"CNAME",
         "host":"%vfyhost%",
         "pointsTo":"%vfyv%.acm-validations.aws.",
         "ttl":3600
      },
      {
         "type":"CNAME",
         "host":"@",
         "pointsTo":"%hostnamev%.cloudfront.net",
         "ttl":3600
      }
   ]
}
