{
  "providerId": "leadconnectorhq.com",
  "providerName": "LeadConnector",
  "serviceId": "text-ssl",
  "serviceName": "LeadConnector Text records",
  "syncRedirectDomain": "domainconnect.leadconnectorhq.com,leadconnectorhq.com",
  "version": 2,
  "logoUrl": "https://assets.cdn.filesafe.space/knES3eSWYIsc5YSZ3YLl/media/6269a1de6e3f42c196dbd949.png",
  "description": "Enable domain domain to work with the LeadConnector",
  "variableDescription": "txtAcmeValue: Value for _acme-challenge TXT record, txtCfValue: Value for _cf-custom-hostname TXT record",
  "syncPubKeyDomain": "leadconnectorhq.com",
  "records": [
    {
      "type": "TXT",
      "host": "_acme-challenge",
      "data": "%txtAcmeValue%",
      "ttl": 600
    },
    {
      "type": "TXT",
      "host": "_cf-custom-hostname",
      "data": "%txtCfValue%",
      "ttl": 600
    }
  ]
}
