{
  "providerId": "leadconnectorhq.com",
  "providerName": "LeadConnector",
  "serviceId": "text-dynamic-record",
  "serviceName": "LeadConnector Text records",
  "syncRedirectDomain": "domainconnect.leadconnectorhq.com,leadconnectorhq.com",
  "version": 2,
  "logoUrl": "https://assets.cdn.filesafe.space/knES3eSWYIsc5YSZ3YLl/media/6269a1de6e3f42c196dbd949.png",
  "description": "Enable  domain to work with the LeadConnector",
  "variableDescription": "TXTs: LeadConnector connection",
  "syncPubKeyDomain": "leadconnectorhq.com",
  "records": [
    {
      "type": "TXT",
      "host": "@",
      "data": "%txtValue%",
      "ttl": 600
    }
  ]
}
