{
  "providerId": "leadconnectorhq.com",
  "providerName": "LeadConnector",
  "serviceId": "site-a-txt-ssl-record",
  "serviceName": "LeadConnector Site A and TXT ssl records",
  "version": 1,
  "syncRedirectDomain": "domainconnect.leadconnectorhq.com,leadconnectorhq.com",
  "logoUrl": "https://assets.cdn.filesafe.space/knES3eSWYIsc5YSZ3YLl/media/6269a1de6e3f42c196dbd949.png",
  "description": "Enable domain to work with the LeadConnector by configuring the necessary A and TXT SSL records.",
  "variableDescription": "P1: LeadConnector connection, txtAcmeValue: Value for _acme-challenge TXT record, txtCfValue: Value for _cf-custom-hostname TXT record",
  "syncPubKeyDomain": "leadconnectorhq.com",
  "records": [
    {
      "type": "A",
      "host": "@",
      "pointsTo": "%IP1%",
      "ttl": 600
    },
    {
      "type": "TXT",
      "host": "_acme-challenge",
      "data": "%txtAcmeValue%",
      "ttl": 600
    },
    {
      "type": "TXT",
      "host": "_cf-custom-hostname",
      "data": "%txtCfValue%",
      "ttl": 600
    }
  ]
}
