{
  "providerId": "lofty.com",
  "providerName": "Lofty",
  "serviceId": "website",
  "serviceName": "Lofty Real Estate Website",
  "version": 4,
  "logoUrl": "https://static.chimeroi.com/servicetool-temp/2023910/17/crm/lofty-Logo.svg",
  "description": "Lofty customers can use their own domain name or subdomain to access their website built on lofty",
  "syncRedirectDomain": "lofty.com",
  "records": [
    {
      "type": "A",
      "groupId": "hosting",
      "host": "@",
      "pointsTo": "52.52.24.52",
      "ttl": 3600
    },
    {
      "type": "A",
      "groupId": "hosting",
      "host": "@",
      "pointsTo": "52.9.101.47",
      "ttl": 3600
    },
    {
      "type": "CNAME",
      "groupId": "website",
      "host": "%sub%",
      "pointsTo": "site-dns.chime.me",
      "ttl": 3600
    },
    {
      "type": "CNAME",
      "groupId": "email",
      "host": "%cnameK1%",
      "pointsTo": "%cnameV1%",
      "ttl": 3600
    },
    {
      "type": "CNAME",
      "groupId": "email",
      "host": "%cnameK2%",
      "pointsTo": "%cnameV2%",
      "ttl": 3600
    },
    {
      "type": "CNAME",
      "groupId": "email",
      "host": "%cnameK3%",
      "pointsTo": "%cnameV3%",
      "ttl": 3600
    },
    {
      "type": "MX",
      "groupId": "email",
      "host": "mail",
      "pointsTo": "feedback-smtp.us-west-2.amazonses.com",
      "ttl": 3600,
      "priority": 10
    },
    {
      "type": "MX",
      "groupId": "email",
      "host": "@",
      "pointsTo": "inbound-smtp.us-west-2.amazonaws.com",
      "ttl": 3600,
      "priority": 10
    },
    {
      "type": "TXT",
      "groupId": "email",
      "host": "_dmarc",
      "ttl": 3600,
      "data": "v=DMARC1; p=none",
      "txtConflictMatchingMode": "All"
    },
    {
      "type": "TXT",
      "groupId": "email",
      "host": "mail",
      "ttl": 3600,
      "data": "v=spf1 %spfRules% ~all",
      "essential": "OnApply"
    },
    {
      "type": "SPFM",
      "groupId": "email",
      "host": "@",
      "ttl": 3600,
      "spfRules": "include:amazonses.com"
    }
  ]
}