{
  "providerId": "moodiycloud.com",
  "providerName": "MooDIYCloud.com",
  "serviceId": "lms-apex-cname",
  "serviceName": "MooDIYCloud Hosting",
  "version": 1,
  "logoUrl":"https://moodiycloud.com/logo-bg-wh.svg",
  "description": "Enables custom domain to point to MooDIYCloud.com via APEXCNAME for LMS hosting.",
  "syncPubKeyDomain": "domainconnect.moodiycloud.com",
  "hostRequired": false,
  "variableDescription": "prefix completes the fully qualified domain name that the record will point to.",
  "records":[
    {
      "type": "APEXCNAME",
      "host": "@",
      "pointsTo":"%prefix%.moodiycloud.com",
      "ttl":600
    },
    {
      "type": "CNAME",
      "host": "www",
      "pointsTo": "@",
      "ttl": 600
    }
  ]
}