{
  "providerId": "moodiycloud.com",
  "providerName": "MooDIYCloud.com",
  "serviceId": "lms-subdomain-cname",
  "serviceName": "MooDIYCloud Hosting",
  "version": 1,
  "logoUrl":"https://moodiycloud.com/logo-bg-wh.svg",
  "description": "Enables custom subdomain to point to MooDIYCloud.com via CNAME for LMS hosting.",
  "syncPubKeyDomain": "domainconnect.moodiycloud.com",
  "variableDescription": "prefix completes the fully qualified domain name that the record will point to.",
  "hostRequired": true,
  "records":[
    {
      "type": "CNAME",
      "host": "@",
      "pointsTo":"%prefix%.moodiycloud.com",
      "ttl":600
    }
  ]
}