{
  "providerId": "onestream.live",
  "providerName": "OneStream Live",
  "serviceId": "web-domain-and-subdomain",
  "serviceName": "Dynamic CNAME Connection",
  "version": 2,
  "description": "Connect your root domain or subdomain dynamically to OneStream Live managed Custom page host.",
  "variableDescription": "targetHostName refers to OneStream managed Custom page host.",
  "logoUrl": "https://assets.onestream.live/OneStreamLive-logo.png",
  "syncRedirectDomain": "app.onestream.live,app-development.onestream.live,app-staging.onestream.live,onestream.live",
  "syncPubKeyDomain": "signing.onestream.live",
  "hostRequired": true,
  "records": [
    {
      "type": "CNAME",
      "host": "@",
      "pointsTo": "%targetHostname%.",
      "ttl": 3600
    }
  ]
}