{
  "providerId":"portfolio.adobe.com",
  "providerName":"Adobe Portfolio",
  "serviceId":"prod",
  "serviceName":"Portfolio Site",
  "version":1,
  "logoUrl": "https://www.domainconnect.org/wp-content/uploads/2019/10/adobe-portfolio-logo-300x54.png",
  "description":"Enables a domain to work with Adobe Portfolio",
  "syncRedirectDomain":"portfolio.adobe.com",
  "records":[
    {
      "type":"CNAME",
      "host": "www",
      "pointsTo":"@",
      "ttl":3600
    },
    {
      "type":"TXT",
      "host":"_portfolio",
      "data": "verify=%uuid%",
      "ttl":3600
    },
    {
      "type":"A",
      "host":"@",
      "pointsTo":"151.101.0.119",
      "ttl":3600
    },
    {
      "type":"A",
      "host":"@",
      "pointsTo":"151.101.64.119",
      "ttl":3600
    },
    {
      "type":"A",
      "host":"@",
      "pointsTo":"151.101.128.119",
      "ttl":3600
    },
    {
      "type":"A",
      "host":"@",
      "pointsTo":"151.101.192.119",
      "ttl":3600
    }
  ]
}
