{
  "providerId": "secureserver.net",
  "providerName": "SecureServer",
  "serviceId": "managed-wordpress",
  "serviceName": "Managed WordPress",
  "version": 2,
  "description": "Enables a domain to work with Whitelabel Managed WordPress",
  "shared": true,
  "sharedProviderName": true,
  "variableDescription": "v1 is the IP address of the server.",
  "syncPubKeyDomain": "domain-attach.api.godaddy.com",
  "records": [
    {
      "pointsTo": "%v1%",
      "type": "A",
      "host": "@",
      "ttl": 3600
    },
    {
      "pointsTo": "@",
      "type": "CNAME",
      "host": "www",
      "ttl": 3600
    }
  ]
}
