{
  "providerId":"Shopify.com",
  "providerName":"Shopify",
  "serviceId":"subdomains",
  "serviceName":"Shopify Subdomain",
  "version": 1,
  "syncPubKeyDomain": "shopify.com",
  "logoUrl":"https://domainconnect.org/wp-content/uploads/2016/08/shopify.png",
  "description":"Enables a subdomain to work with Shopify",
  "variableDescription":"v1 is the shopify hosted domain name.",
  "hostRequired": true,
  "records":[
     {
        "type":"CNAME",
        "host":"@",
        "pointsTo":"%v1%",
        "ttl":3600
     }
  ]
}
