{  
   "providerId":"sucuri.net",
   "providerName":"Sucuri",
   "serviceId":"waf",
   "serviceName":"Web Application Firewall",
   "version": 2,
   "logoUrl":"https://www.domainconnect.org/wp-content/uploads/2018/06/17BmtOhm_400x400.jpg",
   "description":"Enables web application firewall for Sucuri protection product.",
   "variableDescription":"",
   "syncPubKeyDomain": "sucuri.net",
   "shared": true,
   "sharedProviderName": true,
   "records":[  
      {  
         "type":"A",
         "host":"@",
         "pointsTo":"%ip%",
         "ttl":3600
      },
      {  
         "type":"CNAME",
         "host":"www",
         "pointsTo":"@",
         "ttl":3600
      }
   ]
}
