{
  "providerId": "Teachify.com",
  "providerName": "Teachify",
  "serviceId": "website-arecord",
  "serviceName": "Teachify Site",
  "version": 1,
  "syncPubKeyDomain": "domainconnect.teachify.com",
  "logoUrl": "https://teachify.com/favicon.png",
  "description": "Enables a domain to work with Teachify",
  "variableDescription": "IP is the IP address for the site",
  "records": [
    {
      "type": "A",
      "host": "@",
      "pointsTo": "%ip%",
      "ttl": 3600
    },
    {
      "type": "CNAME",
      "host": "www",
      "pointsTo": "@",
      "ttl": 3600
    }
  ]
}
