{
  "providerId":"titan.email",
  "providerName":"Titan Mail",
  "serviceId":"titan-mail-hosting",
  "serviceName":"Titan Mail Hosting",
  "logoUrl":"https://titan.email/wp-content/uploads/2020/01/titan-logo.svg",
  "description":"Setup the MX and SPF records to enable Titan Mail",
  "variableDescription":"",
  "version":1,
  "records":[
    {
      "groupId":"mx-setup",
      "type":"MX",
      "host":"@",
      "priority":10,
      "pointsTo":"mx1.titan.email",
      "ttl":3600
    },
    {
      "groupId":"mx-setup",
      "type":"MX",
      "host":"@",
      "priority":20,
      "pointsTo":"mx2.titan.email",
      "ttl":3600
    },
    {
      "groupId":"spf-setup",
      "type":"SPFM",
      "host":"@",
      "spfRules":"include:spf.titan.email"
    }
  ]
}
