{
    "providerId": "trustifi.com",
    "providerName": "Trustifi",
    "serviceId": "dpoo.stage",
    "serviceName": "Domain proof of ownership for configuring Trustifi Email Services - Staging",
    "version": 2,
    "syncPubKeyDomain": "trustifi.com",
    "logoUrl": "https://stagebe.trustifi.com/api/o/v1/assets/logo-transparent.png",
    "description": "Verifies domain ownership for Trustifi services. See https://trustifi.com for onboarding instructions.",
    "variableDescription": "DKIM1/2/3 and TOKEN are the parameters generated by the Amazon SES",
    "shared": true,
    "sharedProviderName": true,    
    "warnPhishing": true,
    "records": [
        {
            "type": "MX",
            "host": "trustifi",
            "pointsTo": "feedback-smtp.us-east-1.amazonses.com",
            "priority": 10,
            "ttl": 3600
      },
        {
            "type": "TXT",
            "host": "_amazonses",
            "data": "%TOKEN%",
            "ttl": 3600
      },
        {
            "type": "TXT",
            "host": "trustifi",
            "data": "v=spf1 include:amazonses.com ~all",
            "ttl": 3600
      },
        {
            "type": "CNAME",
            "host": "%DKIM1%._domainkey",
            "pointsTo": "%DKIM1%.dkim.amazonses.com",
            "ttl": 3600
       },
        {
            "type": "CNAME",
            "host": "%DKIM2%._domainkey",
            "pointsTo": "%DKIM2%.dkim.amazonses.com",
            "ttl": 3600
       },
        {
            "type": "CNAME",
            "host": "%DKIM3%._domainkey",
            "pointsTo": "%DKIM3%.dkim.amazonses.com",
            "ttl": 3600
       }
   ]
}
