{
  "providerId": "valimail.com",
  "providerName": "Valimail",
  "serviceId": "valimail-authenticate",
  "serviceName": "Valimail Authenticate",
  "version": 1,
  "logoUrl": "https://valimail-logos.s3.amazonaws.com/valimail-logo-primary.svg",
  "description": "Enable Valimail Authenticate on a domain",
  "variableDescription": "%spftxt% is the SPF record",
  "records": [
      {
      "type": "NS",
      "host": "_dmarc",
      "pointsTo": "ns.vali.email",
      "ttl": 3600
    },
    {
      "type": "NS",
      "host": "_domainkey",
      "pointsTo": "ns.vali.email",
      "ttl": 3600
    },
    {
      "type": "NS",
      "host": "_bimi",
      "pointsTo": "ns.vali.email",
      "ttl": 3600
    },
    {
      "type": "TXT",
      "host": "@",
      "data": "%spftxt%",
      "ttl": 3600,
      "txtConflictMatchingMode": "Prefix",
      "txtConflictMatchingPrefix": "v=spf1"
    }
  ]
}
