{
    "providerId": "venmail.io",
    "providerName": "Venmail",
    "serviceId": "venmail_email",
    "serviceName": "Venmail",
    "logoUrl": "https://m.venmail.io/logo.png",
    "description": "This is a template to enable mail hosting with venmail",
    "variableDescription": "Provide DKIM selector and public key for signing, website CNAME for redirects, MX endpoints, SPF rules for sending, and DMARC policy aligned with your enforcement preference.",
    "version": 2,
    "syncPubKeyDomain": "venmail.io",
    "records": [
        {
            "groupId": "venmail-dkim",
            "type": "TXT",
            "host": "%dkim_name%._domainkey",
            "data": "%dkim_data%",
            "ttl": 600
        },
        {
            "groupId": "website-redirection",
            "type": "CNAME",
            "host": "%website_host%",
            "pointsTo": "%website_points%",
            "ttl": 600
        },
        {
            "groupId": "venmail-mx",
            "type": "MX",
            "host": "@",
            "pointsTo": "%mx_points%",
            "priority": 10,
            "ttl": 600
        },
        {
            "groupId": "venmail-mx2",
            "type": "MX",
            "host": "@",
            "pointsTo": "%mx2_points%",
            "priority": 20,
            "ttl": 600
        },
        {
            "groupId": "venmail-spf",
            "type": "SPFM",
            "host": "@",
            "spfRules": "%spf_rules%",
            "ttl": 600
        },
        {
            "groupId": "venmail-dmarc",
            "type": "TXT",
            "host": "_dmarc",
            "data": "%dmarc_data%",
            "txtConflictMatchingMode": "All",
            "ttl": 600
        }
    ]
}
