{
  "providerId": "vercel.com",
  "providerName": "Vercel",
  "serviceId": "website",
  "serviceName": "Vercel Websites",
  "version": 3,
  "description": "Enables a domain to work with Vercel",
  "syncPubKeyDomain": "domainconnect.vercel.com",
  "syncRedirectDomain": "vercel.com",
  "records": [
    {
      "type": "TXT",
      "groupId": "apex-verification",
      "host": "_vercel",
      "data": "vc-domain-verify=%apex-verification%",
      "ttl": 600
    },
    {
      "type": "TXT",
      "groupId": "subdomain-verification",
      "host": "_vercel",
      "data": "vc-domain-verify=%subdomain-verification%",
      "ttl": 600
    },
    {
      "type": "CNAME",
      "groupId": "subdomain",
      "host": "%subdomain%",
      "pointsTo": "%cname%",
      "ttl": 600
    },
    {
      "type": "A",
      "groupId": "apex",
      "host": "@",
      "pointsTo": "%ip%",
      "ttl": 600
    }
  ]
}
