{  
   "providerId":"webflow.com",
   "providerName":"Webflow",
   "serviceId":"webflow-basic",
   "serviceName":"Webflow Site",
   "version": 1,
   "logoUrl":"https://domainconnect.org/wp-content/uploads/2017/01/webflow-logo-blue-300x113.jpg",
   "description":"Enables a domain to work with Webflow",
   "variableDescription":"No variables. Static template.",
   "records":[  
      {  
         "type":"A",
         "host":"@",
         "pointsTo":"23.235.33.229",
         "ttl":300
      },
      {  
         "type":"A",
         "host":"@",
         "pointsTo":"104.156.81.229",
         "ttl":300
      },
      {  
         "type":"CNAME",
         "host":"www",
         "pointsTo":"proxy.webflow.com",
         "ttl":300
      }
   ]
}
