{
   "providerId": "Webomat.at",
   "providerName": "Webomat",
   "serviceId": "website",
   "serviceName": "Webomat Site",
   "version": 1,
   "logoUrl": "https://www.webomat.at/assets/web/img/logo-colorize.svg",
   "description": "Enables a domain to work with Webomat Websites",
   "records": [
      {
         "type": "A",
         "host": "@",
         "pointsTo": "82.165.112.154",
         "ttl": 3600
      },
      {
         "type": "CNAME",
         "host": "www",
         "pointsTo": "admin.webomat.at",
         "ttl": 3600
      }
   ]
}
