{
   "providerId":"wpengine.com",
   "providerName":"WPEngine.com",
   "serviceId":"cname",
   "serviceName":"WP Engine Digital Experience Platform",
   "version": 2,
   "logoUrl":"https://www.domainconnect.org/wp-content/uploads/2018/03/LGO-WPEngine-Horiz-reg-RGB-768x146.png",
   "description":"Configure domain record for CNAME entry.",
   "syncBlock":false,
   "syncPubKeyDomain": "landmark.wpesvc.net",
   "hostRequired": true,
   "records":[
      {
         "type":"CNAME",
         "host":"@",
         "pointsTo":"%site%.wpengine.com",
         "ttl":3600
      }
   ]
}
