{
    "providerId": "Zenfolio",
    "providerName": "Zenfolio Custom Domain Web Hosting",
    "serviceId": "CustomDomain",
    "serviceName": "Zenfolio Custom Domain Web Hosting",
    "syncPubKeyDomain": "zenfolio.com",
    "version": 2022102001,
    "logoUrl": "https://zenfolio.com/resources/zenfolio-logo.gif",
    "description": "This template is used for photographers to set up their custom domain to work with Zenfolio for web-hosting (only)",
    "records": [
        {
            "type": "A",
            "host": "@",
            "pointsTo": "199.181.197.11",
            "ttl": "3600"
        },
        {
            "type": "A",
            "host": "@",
            "pointsTo": "199.181.197.12",
            "ttl": "3600"
        },
        {
            "type": "AAAA",
            "host": "@",
            "pointsTo": "2620:78:200f::cf:11",
            "ttl": "3600"
        },
        {
            "type": "AAAA",
            "host": "@",
            "pointsTo": "2620:78:200f::cf:12",
            "ttl": "3600"
        },
        {
            "type": "CNAME",
            "host": "www",
            "pointsTo": "custom.zenfoliosite.com",
            "ttl": "3600"
        }
    ]
}
