{
    "providerId": "Zenfolio",
    "providerName": "Zenfolio Custom Subdomain-only Web Hosting",
    "serviceId": "CustomSubDomain",
    "serviceName": "Zenfolio Custom Subdomain-only Web Hosting",
    "syncPubKeyDomain": "zenfolio.com",
    "version": 2022102001,
    "logoUrl": "https://zenfolio.com/resources/zenfolio-logo.gif",
    "description": "This template is used for photographers to set up their custom subdomain to work with Zenfolio for web-hosting (only)",
    "hostRequired": true,
    "records": [
        {
            "type": "CNAME",
            "host": "@",
            "pointsTo": "custom.zenfoliosite.com",
            "ttl": "3600"
        }
    ]
}
